Emotion Lexemes,Emotion Family,Basic Emotions
abandons,abandonment,sadness
abandoners,abandonment,sadness
abandoned,abandonment,sadness
abandoner,abandonment,sadness
abandon,abandonment,sadness
abandonments,abandonment,sadness
abandoning,abandonment,sadness
abandonment,abandonment,sadness
abash,abashment,surprise
abashed,abashment,surprise
abashes,abashment,surprise
abashment's,abashment,surprise
abashedly,abashment,surprise
abashing,abashment,surprise
abashment,abashment,surprise
abhors,abhorrence,disgust
abhor,abhorrence,disgust
abhorring,abhorrence,disgust
abhorrent,abhorrence,disgust
abhorred,abhorrence,disgust
abhorrence,abhorrence,disgust
accept,acceptance,enjoyment
accepts,acceptance,enjoyment
accepting,acceptance,enjoyment
accepted,acceptance,enjoyment
acceptance,acceptance,enjoyment
accomplished,accomplishment,enjoyment
accomplish,accomplishment,enjoyment
accomplishing,accomplishment,enjoyment
accomplishes,accomplishment,enjoyment
accomplishments,accomplishment,enjoyment
accomplishment,accomplishment,enjoyment
admirably,admiration,enjoyment
admirable,admiration,enjoyment
admire,admiration,enjoyment
admiring,admiration,enjoyment
admired,admiration,enjoyment
admires,admiration,enjoyment
admiration,admiration,enjoyment
adore,adoration,enjoyment
adoring,adoration,enjoyment
adoringly,adoration,enjoyment
adored,adoration,enjoyment
adores,adoration,enjoyment
adoration,adoration,enjoyment
adventure,adventurousness,enjoyment
adventured,adventurousness,enjoyment
adventurous,adventurousness,enjoyment
adventures,adventurousness,enjoyment
adventuring,adventurousness,enjoyment
adventurously,adventurousness,enjoyment
adventurer,adventurousness,enjoyment
adventurousness,adventurousness,enjoyment
affections,affection,enjoyment
affectionately,affection,enjoyment
affectionate,affection,enjoyment
affection,affection,enjoyment
affronting,affronted,anger
affronts,affronted,anger
affront,affronted,anger
affronted,affronted,anger
afraid,afraid,fear
aggravated,aggravation,anger
aggravating,aggravation,anger
aggravator,aggravation,anger
aggravate,aggravation,anger
aggravators,aggravation,anger
aggravates,aggravation,anger
aggravation,aggravation,anger
aggressiveness,aggression,anger
aggressively,aggression,anger
aggressor,aggression,anger
aggressing,aggression,anger
aggressive,aggression,anger
aggresses,aggression,anger
aggressed,aggression,anger
aggression,aggression,anger
aghast,aghast,surprise
agony,agony,sadness
agonizing,agony,sadness
agonize,agony,sadness
agonies,agony,sadness
agonized,agony,sadness
agonizes,agony,sadness
agoraphobic,agoraphobia,fear
agoraphobia,agoraphobia,fear
agreeableness,agreeableness,enjoyment
agreeable,agreeableness,enjoyment
agreeably,agreeableness,enjoyment
alarm,alarm,fear
alarmingly,alarm,fear
alarming,alarm,fear
alarmed,alarm,fear
alarms,alarm,fear
alienating,alienation,sadness
alienated,alienation,sadness
alienness,alienation,sadness
alienate,alienation,sadness
alienates,alienation,sadness
alienation,alienation,sadness
amazed,amazement,surprise
amaze,amazement,surprise
amazes,amazement,surprise
amazingly,amazement,surprise
amazing,amazement,surprise
amazement,amazement,surprise
ambitiously,ambition,enjoyment
ambitioning,ambition,enjoyment
ambitious,ambition,enjoyment
ambitioned,ambition,enjoyment
ambitions,ambition,enjoyment
ambition,ambition,enjoyment
amorist,amorous,enjoyment
amorousnesses,amorous,enjoyment
amorists,amorous,enjoyment
amorously,amorous,enjoyment
amorousness,amorous,enjoyment
amorous,amorous,enjoyment
amped,amped,enjoyment
amping,amped,enjoyment
amp,amped,enjoyment
amped up,amped,enjoyment
amps,amped,enjoyment
amusement's,amusement,enjoyment
amusingly,amusement,enjoyment
amuse,amusement,enjoyment
amused,amusement,enjoyment
amusing,amusement,enjoyment
amuses,amusement,enjoyment
amusements,amusement,enjoyment
amusement,amusement,enjoyment
angrier,anger,anger
angry,anger,anger
angering,anger,anger
angers,anger,anger
angered,anger,anger
angriest,anger,anger
angrily,anger,anger
anger,anger,anger
anguish,anguish,sadness
anguishing,anguish,sadness
anguishes,anguish,sadness
anguished,anguish,sadness
animosities,animosity,anger
animosities',animosity,anger
animosity,animosity,anger
annoying,annoyance,anger
annoys,annoyance,anger
annoyingly,annoyance,anger
annoyances,annoyance,anger
annoy,annoyance,anger
annoyed,annoyance,anger
annoyance,annoyance,anger
antagonist,antagonism,anger
antagonizes,antagonism,anger
antagonism,antagonism,anger
antagonized,antagonism,anger
antagonistic,antagonism,anger
antagonizing,antagonism,anger
antagonize,antagonism,anger
antipathetic,antipathy,disgust
antipathetically,antipathy,disgust
antipathy,antipathy,disgust
anxiety,anxiousness,fear
anxieties,anxiousness,fear
anxious,anxiousness,fear
anxiousness,anxiousness,fear
anxiously,anxiousness,fear
appalls,appalled,disgust
appalling,appalled,disgust
appalled,appalled,disgust
appall,appalled,disgust
appeasing,appeasement,enjoyment
appeases,appeasement,enjoyment
appease,appeasement,enjoyment
appeased,appeasement,enjoyment
appeasement,appeasement,enjoyment
appreciators,appreciation,enjoyment
appreciator,appreciation,enjoyment
appreciated,appreciation,enjoyment
appreciate,appreciation,enjoyment
appreciable,appreciation,enjoyment
appreciates,appreciation,enjoyment
appreciating,appreciation,enjoyment
appreciably,appreciation,enjoyment
appreciation,appreciation,enjoyment
apprehensive,apprehension,fear
apprehensively,apprehension,fear
apprehension,apprehension,fear
argumentative,argumentativeness,anger
argumentatively,argumentativeness,anger
argumentativeness,argumentativeness,anger
shameful,ashamed,sadness
shames,ashamed,sadness
shamed,ashamed,sadness
ashamed,ashamed,sadness
shame,ashamed,sadness
shamefully,ashamed,sadness
shaming,ashamed,sadness
assuaged,assuagement,enjoyment
assuagements,assuagement,enjoyment
assuages,assuagement,enjoyment
assuaging,assuagement,enjoyment
assuage,assuagement,enjoyment
assuagement,assuagement,enjoyment
astonishment's,astonishment,surprise
astonishing,astonishment,surprise
astonished,astonishment,surprise
astonish,astonishment,surprise
astonishingly,astonishment,surprise
astonishes,astonishment,surprise
astonishment,astonishment,surprise
at ease,at ease,enjoyment
avarice,avariciousness,disgust
avaricious,avariciousness,disgust
avariciously,avariciousness,disgust
avariciousness,avariciousness,disgust
averse,aversion,disgust
averseness,aversion,disgust
aversely,aversion,disgust
aversions,aversion,disgust
aversion,aversion,disgust
awes,awe,surprise
awed,awe,surprise
awing,awe,surprise
awe,awe,surprise
baffling,bafflement,surprise
baffler,bafflement,surprise
baffle,bafflement,surprise
baffled,bafflement,surprise
bafflement,bafflement,surprise
bashfully,bashfulness,fear
bashful,bashfulness,fear
bashfulnesses,bashfulness,fear
bashfulness,bashfulness,fear
belligerent,belligerence,anger
belligerently,belligerence,anger
belligerents,belligerence,anger
belligerence,belligerence,anger
bereaved,bereavement,sadness
bereave,bereavement,sadness
bereaving,bereavement,sadness
bereaves,bereavement,sadness
bereavement,bereavement,sadness
bewildering,bewilderment,surprise
bewilder,bewilderment,surprise
bewilderingly,bewilderment,surprise
bewildered,bewilderment,surprise
bewilderment,bewilderment,surprise
bitternesses,bitterness,anger
bittering,bitterness,anger
bittered,bitterness,anger
bitterer,bitterness,anger
bitterly,bitterness,anger
bitter,bitterness,anger
bitterest,bitterness,anger
bitterness,bitterness,anger
bittersweetly,bittersweetness,sadness
bittersweet,bittersweetness,sadness
bittersweetness,bittersweetness,sadness
blamed,blame,anger
blameworthy,blame,anger
blaming,blame,anger
blames,blame,anger
blame,blame,anger
blamer,blame,anger
bleaks,bleakness,sadness
bleakly,bleakness,sadness
bleakest,bleakness,sadness
bleak,bleakness,sadness
bleaker,bleakness,sadness
bleaknesses,bleakness,sadness
bleakness,bleakness,sadness
blindsiding,blindsidedness,surprise
blindsided,blindsidedness,surprise
blissful,bliss,enjoyment
blissfulness,bliss,enjoyment
blissfully,bliss,enjoyment
bliss,bliss,enjoyment
bluing,blue,sadness
bluer,blue,sadness
blued,blue,sadness
bluest,blue,sadness
blues,blue,sadness
blue,blue,sadness
bravely,bravery,enjoyment
braver,bravery,enjoyment
brave,bravery,enjoyment
braveries,bravery,enjoyment
braveness,bravery,enjoyment
bravest,bravery,enjoyment
bravery,bravery,enjoyment
brokenhearted,brokenheartedness,sadness
brokenheartedly,brokenheartedness,sadness
brokenheartedness,brokenheartedness,sadness
bug,bugged,disgust
bugs,bugged,disgust
bugged,bugged,disgust
bugging,bugged,disgust
bum,bummed,sadness
bums,bummed,sadness
bummed out,bummed,sadness
bummed,bummed,sadness
bumming,bummed,sadness
calm,calm,enjoyment
calming,calm,enjoyment
calmed,calm,enjoyment
calmly,calm,enjoyment
calmness,calm,enjoyment
calms,calm,enjoyment
calmer,calm,enjoyment
calmest,calm,enjoyment
captivate,captivation,enjoyment
captivatingly,captivation,enjoyment
captivated,captivation,enjoyment
captivating,captivation,enjoyment
captivates,captivation,enjoyment
captivator,captivation,enjoyment
captivation,captivation,enjoyment
carefree,carefree,enjoyment
carefreeness,carefree,enjoyment
cared,caring,enjoyment
caring,caring,enjoyment
care,caring,enjoyment
cares,caring,enjoyment
cautions,cautiousness,fear
cautiously,cautiousness,fear
caution,cautiousness,fear
cautioned,cautiousness,fear
cautioning,cautiousness,fear
cautious,cautiousness,fear
cautiousness,cautiousness,fear
chafing,chafe,anger
chafed,chafe,anger
chafes,chafe,anger
chafe,chafe,anger
chagrin,chagrin,sadness
chagrins,chagrin,sadness
chagrining,chagrin,sadness
chagrined,chagrin,sadness
charmers,charmed,enjoyment
charming,charmed,enjoyment
charmed,charmed,enjoyment
charm,charmed,enjoyment
charmingly,charmed,enjoyment
charms,charmed,enjoyment
cheering,cheerfulness,enjoyment
cheers,cheerfulness,enjoyment
cheerful,cheerfulness,enjoyment
cheerer,cheerfulness,enjoyment
cheer,cheerfulness,enjoyment
cheered,cheerfulness,enjoyment
cheerfully,cheerfulness,enjoyment
cheerfulness,cheerfulness,enjoyment
cheerlessly,cheerlessness,sadness
cheerless,cheerlessness,sadness
cheerlessness,cheerlessness,sadness
cherished,cherish,enjoyment
cherisher,cherish,enjoyment
cherishes,cherish,enjoyment
cherishing,cherish,enjoyment
cherish,cherish,enjoyment
chickening out,chicken,fear
chicken out,chicken,fear
chicken-hearted,chicken,fear
chickens out,chicken,fear
chickened out,chicken,fear
chill,chill,enjoyment
chilled,chill,enjoyment
chillaxed,chill,enjoyment
chills,chill,enjoyment
chilling,chill,enjoyment
chillax,chill,enjoyment
chillaxing,chill,enjoyment
closenesses,closeness,enjoyment
closer,closeness,enjoyment
close,closeness,enjoyment
closest,closeness,enjoyment
closely,closeness,enjoyment
closeness,closeness,enjoyment
coldnesses,coldness,disgust
cold,coldness,disgust
colder,coldness,disgust
coldly,coldness,disgust
coldest,coldness,disgust
coldness,coldness,disgust
collected,collected,enjoyment
combat,combativeness,anger
combative,combativeness,anger
combatively,combativeness,anger
combating,combativeness,anger
combats,combativeness,anger
combativeness,combativeness,anger
compassionately,compassion,enjoyment
compassionate,compassion,enjoyment
compassion,compassion,enjoyment
concern,concern,fear
concernedness,concern,fear
concerns,concern,fear
concernedly,concern,fear
concerned,concern,fear
concerning,concern,fear
confident,confidence,enjoyment
confidently,confidence,enjoyment
self-confident,confidence,enjoyment
confidence,confidence,enjoyment
confounded,confoundedness,surprise
confoundedly,confoundedness,surprise
confound,confoundedness,surprise
confounder,confoundedness,surprise
confounding,confoundedness,surprise
confounds,confoundedness,surprise
confoundedness,confoundedness,surprise
contemptuously,contempt,disgust
contemptuousness,contempt,disgust
contemptibly,contempt,disgust
contempt,contempt,disgust
contemptuous,contempt,disgust
contemptible,contempt,disgust
contented,contentment,enjoyment
contents,contentment,enjoyment
contentment's,contentment,enjoyment
contentedly,contentment,enjoyment
contenting,contentment,enjoyment
content,contentment,enjoyment
contentment,contentment,enjoyment
contriteness,contrition,sadness
contritely,contrition,sadness
contrite,contrition,sadness
contrition,contrition,sadness
courageousness,courage,enjoyment
courageously,courage,enjoyment
courageous,courage,enjoyment
courage,courage,enjoyment
coveting,covetousness,enjoyment
covetous,covetousness,enjoyment
covets,covetousness,enjoyment
covet,covetousness,enjoyment
covetousnesses,covetousness,enjoyment
covetously,covetousness,enjoyment
covetousness,covetousness,enjoyment
crab,crabbiness,anger
crabbinesses,crabbiness,anger
crabbedly,crabbiness,anger
crabbily,crabbiness,anger
crabbed,crabbiness,anger
crabbing,crabbiness,anger
crabby,crabbiness,anger
crabbier,crabbiness,anger
crabbiness,crabbiness,anger
cranky,crankiness,anger
cranked,crankiness,anger
cranking,crankiness,anger
crankier,crankiness,anger
crank,crankiness,anger
crankily,crankiness,anger
crankiest,crankiness,anger
crankiness,crankiness,anger
craved,craving,enjoyment
craves,craving,enjoyment
craving,craving,enjoyment
crave,craving,enjoyment
crestfallenness,crestfallen,sadness
crestfallenly,crestfallen,sadness
crestfallen,crestfallen,sadness
crossly,cross,anger
crossness,cross,anger
crossing,cross,anger
crossed,cross,anger
cross,cross,anger
crosses,cross,anger
cruelness,cruelty,anger
cruel,cruelty,anger
cruelty's,cruelty,anger
crueler,cruelty,anger
cruelly,cruelty,anger
cruellest,cruelty,anger
cruelties,cruelty,anger
cruelty,cruelty,anger
crush,crushed,sadness
crushing,crushed,sadness
crushable,crushed,sadness
crushed,crushed,sadness
crushes,crushed,sadness
culpably,culpability,sadness
culpability's,culpability,sadness
culpabilities,culpability,sadness
culpable,culpability,sadness
culpability,culpability,sadness
curious,curiosity,enjoyment
curiosity's,curiosity,enjoyment
curiously,curiosity,enjoyment
curiousness,curiosity,enjoyment
curiousnesses,curiosity,enjoyment
curiouser,curiosity,enjoyment
curiosities,curiosity,enjoyment
curiosity,curiosity,enjoyment
dazzlement,dazzlement,surprise
dazzled,dazzlement,surprise
dazzles,dazzlement,surprise
dazzler,dazzlement,surprise
dazzling,dazzlement,surprise
dazzle,dazzlement,surprise
debasement,debasement,disgust
debased,debasement,disgust
debase,debasement,disgust
debases,debasement,disgust
debasing,debasement,disgust
defends,defensiveness,anger
defending,defensiveness,anger
defend,defensiveness,anger
defensivenesses,defensiveness,anger
defensively,defensiveness,anger
defensive,defensiveness,anger
defended,defensiveness,anger
defensiveness,defensiveness,anger
deflated,deflatation,sadness
deflates,deflatation,sadness
deflate,deflatation,sadness
deflating,deflatation,sadness
deflator,deflatation,sadness
deflationary,deflatation,sadness
degrade,degraded,sadness
degraded,degraded,sadness
degrading,degraded,sadness
degradation,degraded,sadness
degrades,degraded,sadness
dejecting,dejection,sadness
dejected,dejection,sadness
dejects,dejection,sadness
dejectedly,dejection,sadness
dejection,dejection,sadness
delights,delight,enjoyment
delighted,delight,enjoyment
delightful,delight,enjoyment
delightedly,delight,enjoyment
delightfulness,delight,enjoyment
delight,delight,enjoyment
delighting,delight,enjoyment
demoralizing,demoralization,sadness
demoralizations,demoralization,sadness
demoralization,demoralization,sadness
demoralize,demoralization,sadness
demoralizes,demoralization,sadness
demoralized,demoralization,sadness
depresses,depression,sadness
depress,depression,sadness
depressed,depression,sadness
depressingly,depression,sadness
depressions,depression,sadness
depressing,depression,sadness
depressant,depression,sadness
depression,depression,sadness
depressive,depression,sadness
desired,desire,enjoyment
desirability,desire,enjoyment
desirably,desire,enjoyment
desiring,desire,enjoyment
desirous,desire,enjoyment
desires,desire,enjoyment
desire,desire,enjoyment
desolated,desolation,sadness
desolating,desolation,sadness
desolate,desolation,sadness
desolation's,desolation,sadness
desolates,desolation,sadness
desolation,desolation,sadness
despairs,despair,sadness
despairing,despair,sadness
despaired,despair,sadness
despair,despair,sadness
despairingly,despair,sadness
desperately,desperation,sadness
desperate,desperation,sadness
desperateness,desperation,sadness
desperation,desperation,sadness
despised,despise,anger
despising,despise,anger
despises,despise,anger
despiser,despise,anger
despisingly,despise,anger
despise,despise,anger
desponded,despondence,sadness
despondent,despondence,sadness
despond,despondence,sadness
desponding,despondence,sadness
despondently,despondence,sadness
despondence,despondence,sadness
devastator,devastation,sadness
devastating,devastation,sadness
devastates,devastation,sadness
devastatingly,devastation,sadness
devastated,devastation,sadness
devastate,devastation,sadness
devastation,devastation,sadness
devotees,devotion,enjoyment
devotionally,devotion,enjoyment
devote,devotion,enjoyment
devoted,devotion,enjoyment
devoting,devotion,enjoyment
devotion,devotion,enjoyment
disappointment,disappointment,sadness
disappoint,disappointment,sadness
disappoints,disappointment,sadness
disappointed,disappointment,sadness
disappointments,disappointment,sadness
disappointing,disappointment,sadness
disapproving,disapproval,disgust
disapprove,disapproval,disgust
disapprovingly,disapproval,disgust
disapproved,disapproval,disgust
disapproves,disapproval,disgust
disapproval,disapproval,disgust
discomfiting,discomfit,surprise
discomfits,discomfit,surprise
discomfited,discomfit,surprise
discomfit,discomfit,surprise
disconcerts,disconcertment,surprise
disconcertedly,disconcertment,surprise
disconcerting,disconcertment,surprise
disconcert,disconcertment,surprise
disconcerted,disconcertment,surprise
disconcertment,disconcertment,surprise
disconsolate,disconsolateness,sadness
disconsolateness,disconsolateness,sadness
disconsolation,disconsolateness,sadness
disconsolately,disconsolateness,sadness
discontented,discontentment,sadness
discontents,discontentment,sadness
discontentedly,discontentment,sadness
discontenting,discontentment,sadness
discontent,discontentment,sadness
discontentment,discontentment,sadness
discourages,discouragement,sadness
discouraged,discouragement,sadness
discourage,discouragement,sadness
discouragements,discouragement,sadness
discouraging,discouragement,sadness
discouragement,discouragement,sadness
disdainfully,disdain,disgust
disdains,disdain,disgust
disdaining,disdain,disgust
disdainful,disdain,disgust
disdained,disdain,disgust
disdain,disdain,disgust
disgraceful,disgrace,sadness
disgrace,disgrace,sadness
disgraces,disgrace,sadness
disgracing,disgrace,sadness
disgracefully,disgrace,sadness
disgraced,disgrace,sadness
disgruntling,disgruntlement,anger
disgruntles,disgruntlement,anger
disgruntle,disgruntlement,anger
disgruntled,disgruntlement,anger
disgruntlement,disgruntlement,anger
disgusts,disgust,disgust
disgusted,disgust,disgust
disgustingly,disgust,disgust
disgust,disgust,disgust
disgusting,disgust,disgust
disheartening,disheartenment,sadness
disheartens,disheartenment,sadness
dishearten,disheartenment,sadness
disheartened,disheartenment,sadness
disheartenment,disheartenment,sadness
disillusioned,disillusionment,sadness
disillusioning,disillusionment,sadness
disillusion,disillusionment,sadness
disillusions,disillusionment,sadness
disillusionment,disillusionment,sadness
dislikes,dislike,disgust
disliker,dislike,disgust
disliking,dislike,disgust
disliked,dislike,disgust
dislikable,dislike,disgust
dislike,dislike,disgust
dismally,dismalness,sadness
dismal,dismalness,sadness
dismalnesses,dismalness,sadness
dismalness,dismalness,sadness
dismaying,dismay,sadness
dismayed,dismay,sadness
dismays,dismay,sadness
dismay,dismay,sadness
disparaged,disparagement,disgust
disparages,disparagement,disgust
disparage,disparagement,disgust
disparaging,disparagement,disgust
disparagements,disparagement,disgust
disparagement,disparagement,disgust
dispiritedly,dispirited,sadness
dispiriting,dispirited,sadness
dispirits,dispirited,sadness
dispiritedness,dispirited,sadness
dispirited,dispirited,sadness
displeases,displeasure,anger
displeased,displeasure,anger
displeasure's,displeasure,anger
displeasing,displeasure,anger
displeasedly,displeasure,anger
displeasure,displeasure,anger
disquieting,disquiet,fear
disquiets,disquiet,fear
disquietude,disquiet,fear
disquieted,disquiet,fear
disquiet,disquiet,fear
dissatisfied,dissatisfaction,anger
dissatisfiedly,dissatisfaction,anger
dissatisfactions,dissatisfaction,anger
dissatisfies,dissatisfaction,anger
dissatisfaction,dissatisfaction,anger
dissatisfying,dissatisfaction,anger
distraught,distraught,sadness
distraughtness,distraught,sadness
distraughtly,distraught,sadness
distrustfully,distrustful,fear
distrustfulness,distrustful,fear
distrusting,distrustful,fear
distrusts,distrustful,fear
distrusted,distrustful,fear
distrust,distrustful,fear
distrustful,distrustful,fear
dolefully,dolefulness,sadness
doleful,dolefulness,sadness
dolefulest,dolefulness,sadness
dolefuler,dolefulness,sadness
dolefulness,dolefulness,sadness
dotingly,doting,enjoyment
dotes,doting,enjoyment
doting,doting,enjoyment
doted,doting,enjoyment
dote,doting,enjoyment
down,down,sadness
downheartedly,downhearted,sadness
downheartednesses,downhearted,sadness
downhearted,downhearted,sadness
downheartedness,downhearted,sadness
downtrodden,downtroddenness,sadness
downtroddenness,downtroddenness,sadness
dreadful,dread,fear
dreadfulness,dread,fear
dreadfully,dread,fear
dreaded,dread,fear
dreading,dread,fear
dreads,dread,fear
dread,dread,fear
dumbfounding,dumbfoundedness,surprise
dumbfound,dumbfoundedness,surprise
dumbfounded,dumbfoundedness,surprise
dumbfoundedly,dumbfoundedness,surprise
dumbfoundedness,dumbfoundedness,surprise
eager,eagerness,enjoyment
eagerness,eagerness,enjoyment
eagerly,eagerness,enjoyment
ebullience's,ebullience,enjoyment
ebulliently,ebullience,enjoyment
ebullient,ebullience,enjoyment
ebullience,ebullience,enjoyment
ecstasies,ecstasy,enjoyment
ecstatically,ecstasy,enjoyment
ecstatic,ecstasy,enjoyment
ecstasy,ecstasy,enjoyment
edgier,edginess,anger
edgy,edginess,anger
edginesses,edginess,anger
edgiest,edginess,anger
edgily,edginess,anger
edginess,edginess,anger
elating,elation,enjoyment
elates,elation,enjoyment
elation's,elation,enjoyment
elatedly,elation,enjoyment
elated,elation,enjoyment
elations,elation,enjoyment
elation,elation,enjoyment
embarrassed,embarrassment,sadness
embarrassing,embarrassment,sadness
embarrassingly,embarrassment,sadness
embarrass,embarrassment,sadness
embarrasses,embarrassment,sadness
embarrassment,embarrassment,sadness
enamoring,enamored,enjoyment
enamored,enamored,enjoyment
enamors,enamored,enjoyment
enchants,enchantment,enjoyment
enchant,enchantment,enjoyment
enchantment,enchantment,enjoyment
enchanted,enchantment,enjoyment
enchantments,enchantment,enjoyment
enchanting,enchantment,enjoyment
encourage,encouragement,enjoyment
encouraging,encouragement,enjoyment
encouraged,encouragement,enjoyment
encourages,encouragement,enjoyment
encouragingly,encouragement,enjoyment
encouragement,encouragement,enjoyment
endearment's,endearment,enjoyment
endearer,endearment,enjoyment
endearments,endearment,enjoyment
endear,endearment,enjoyment
endears,endearment,enjoyment
endearing,endearment,enjoyment
endearingly,endearment,enjoyment
endearment,endearment,enjoyment
enjoying,enjoyment,enjoyment
enjoys,enjoyment,enjoyment
enjoy,enjoyment,enjoyment
enjoyable,enjoyment,enjoyment
enjoyed,enjoyment,enjoyment
enjoyably,enjoyment,enjoyment
enjoyment,enjoyment,enjoyment
enlivenments,enlivenment,enjoyment
enlivened,enlivenment,enjoyment
enlivening,enlivenment,enjoyment
enliven,enlivenment,enjoyment
enlivenment,enlivenment,enjoyment
enmity's,enmity,anger
enmities,enmity,anger
enmity,enmity,anger
rage,enragement,anger
enrage,enragement,anger
raged,enragement,anger
raging,enragement,anger
enraging,enragement,anger
enraged,enragement,anger
enrages,enragement,anger
rages,enragement,anger
enrapturing,enrapturement,enjoyment
enraptured,enrapturement,enjoyment
enraptures,enrapturement,enjoyment
enrapture,enrapturement,enjoyment
enthralling,enthrallment,enjoyment
enthralled,enthrallment,enjoyment
enthrallingly,enthrallment,enjoyment
enthrall,enthrallment,enjoyment
enthralls,enthrallment,enjoyment
enthrallment,enthrallment,enjoyment
enthusiastically,enthusiasm,enjoyment
enthusiastic,enthusiasm,enjoyment
enthusiasts,enthusiasm,enjoyment
enthuse,enthusiasm,enjoyment
enthusing,enthusiasm,enjoyment
enthused,enthusiasm,enjoyment
enthusiasm,enthusiasm,enjoyment
entitling,entitlement,anger
entitles,entitlement,anger
entitled,entitlement,anger
entitlement,entitlement,anger
entrance,entrancement,enjoyment
entrances,entrancement,enjoyment
entrancingly,entrancement,enjoyment
entrancing,entrancement,enjoyment
entranced,entrancement,enjoyment
entrancement,entrancement,enjoyment
enviousness,envy,anger
envious,envy,anger
envying,envy,anger
envies,envy,anger
enviously,envy,anger
envied,envy,anger
envy,envy,anger
equanimous,equanimity,enjoyment
equanimously,equanimity,enjoyment
equanimity,equanimity,enjoyment
euphoria,euphoric,enjoyment
euphorically,euphoric,enjoyment
euphoric,euphoric,enjoyment
exasperating,exasperation,anger
exasperation's,exasperation,anger
exasperated,exasperation,anger
exasperate,exasperation,anger
exasperates,exasperation,anger
exasperation,exasperation,anger
excitedly,excitement,enjoyment
excites,excitement,enjoyment
excited,excitement,enjoyment
excite,excitement,enjoyment
exciting,excitement,enjoyment
excitement's,excitement,enjoyment
excitement,excitement,enjoyment
exhilarating,exhilaration,enjoyment
exhilarated,exhilaration,enjoyment
exhilaration's,exhilaration,enjoyment
exhilarates,exhilaration,enjoyment
exhilarate,exhilaration,enjoyment
exhilaration,exhilaration,enjoyment
exuberance's,exuberance,enjoyment
exuberant,exuberance,enjoyment
exuberantly,exuberance,enjoyment
exuberance,exuberance,enjoyment
exultantly,exultance,enjoyment
exulted,exultance,enjoyment
exults,exultance,enjoyment
exultant,exultance,enjoyment
exult,exultance,enjoyment
exulting,exultance,enjoyment
exultance,exultance,enjoyment
fascinate,fascination,enjoyment
fascination,fascination,enjoyment
fascinated,fascination,enjoyment
fascinating,fascination,enjoyment
fascination's,fascination,enjoyment
fascinates,fascination,enjoyment
fascinations,fascination,enjoyment
fed up,fed up,anger
ferocious,ferocity,anger
ferocities,ferocity,anger
ferociousness,ferocity,anger
ferociously,ferocity,anger
ferocity,ferocity,anger
fire up,fired up,enjoyment
fires me up,fired up,enjoyment
fires us up,fired up,enjoyment
firing up,fired up,enjoyment
firing me up,fired up,enjoyment
firing us up,fired up,enjoyment
fired up,fired up,enjoyment
fires up,fired up,enjoyment
fire me up,fired up,enjoyment
fired me up,fired up,enjoyment
fire us up,fired up,enjoyment
fired us up,fired up,enjoyment
flabbergasts,flabbergasted,surprise
flabbergast,flabbergasted,surprise
flabbergasting,flabbergasted,surprise
flabbergasted,flabbergasted,surprise
floors,floored,surprise
floor,floored,surprise
flooring,floored,surprise
floored,floored,surprise
flusters,flustered,surprise
flustering,flustered,surprise
flustered,flustered,surprise
fluster,flustered,surprise
fondly,fondness,enjoyment
fondnesses,fondness,enjoyment
fondest,fondness,enjoyment
fond,fondness,enjoyment
fondness,fondness,enjoyment
forebodes,forebodingness,fear
foreboding,forebodingness,fear
forebode,forebodingness,fear
forebodingly,forebodingness,fear
foreboded,forebodingness,fear
forgives,forgiveness,enjoyment
forgive,forgiveness,enjoyment
forgiven,forgiveness,enjoyment
forgave,forgiveness,enjoyment
forgiver,forgiveness,enjoyment
forgivers,forgiveness,enjoyment
forgivably,forgiveness,enjoyment
forgiving,forgiveness,enjoyment
forgiveness,forgiveness,enjoyment
forlorn,forlornness,sadness
forlornnesses,forlornness,sadness
forlornly,forlornness,sadness
forlornness,forlornness,sadness
forsaken,forsakenness,sadness
forsook,forsakenness,sadness
forsaking,forsakenness,sadness
forsakes,forsakenness,sadness
forsakenness,forsakenness,sadness
franticness,franticness,fear
franticnesses,franticness,fear
frantically,franticness,fear
franticly,franticness,fear
frantic,franticness,fear
frazzled,frazzled,surprise
frazzling,frazzled,surprise
frazzles,frazzled,surprise
freak out,freaked out,fear
freaked out,freaked out,fear
freaks out,freaked out,fear
freaked-out,freaked out,fear
freakout,freaked out,fear
freaking out,freaked out,fear
freak me out,freaked out,fear
freaked me out,freaked out,fear
freaks me out,freaked out,fear
freaking me out,freaked out,fear
freak us out,freaked out,fear
freaked us out,freaked out,fear
freaks us out,freaked out,fear
freaking us out,freaked out,fear
fretfully,fretful,fear
frets,fretful,fear
fretted,fretful,fear
fretting,fretful,fear
fret,fretful,fear
fretfulness,fretful,fear
fretful,fretful,fear
friendliest,friendliness,enjoyment
friendly,friendliness,enjoyment
friendlier,friendliness,enjoyment
friendliness,friendliness,enjoyment
frightens,fright,fear
fright,fright,fear
frightful,fright,fear
frightfully,fright,fear
frighteningly,fright,fear
frightening,fright,fear
frightened,fright,fear
frighten,fright,fear
friskier,friskiness,enjoyment
frisky,friskiness,enjoyment
friskiest,friskiness,enjoyment
frisked,friskiness,enjoyment
friskily,friskiness,enjoyment
friskiness,friskiness,enjoyment
fulfilled,fulfillment,enjoyment
fulfill,fulfillment,enjoyment
fulfills,fulfillment,enjoyment
fulfilling,fulfillment,enjoyment
fulfillment,fulfillment,enjoyment
fumed,fuming,anger
fume,fuming,anger
fumes,fuming,anger
fuming,fuming,anger
furies,fury,anger
furiously,fury,anger
furious,fury,anger
fury,fury,anger
gaieties',gaiety,enjoyment
gayer,gaiety,enjoyment
gaiety,gaiety,enjoyment
gay,gaiety,enjoyment
gaieties,gaiety,enjoyment
gayest,gaiety,enjoyment
gall,gall,disgust
galls,gall,disgust
galled,gall,disgust
gallingly,gall,disgust
galling,gall,disgust
galvanize,galvanization,enjoyment
galvanized,galvanization,enjoyment
galvanizers,galvanization,enjoyment
galvanizes,galvanization,enjoyment
galvanizer,galvanization,enjoyment
galvanizing,galvanization,enjoyment
galvanization,galvanization,enjoyment
gentlest,gentleness,enjoyment
gentler,gentleness,enjoyment
gentling,gentleness,enjoyment
gentle,gentleness,enjoyment
gentled,gentleness,enjoyment
gently,gentleness,enjoyment
gentleness,gentleness,enjoyment
giddily,giddiness,enjoyment
giddied,giddiness,enjoyment
giddinesses,giddiness,enjoyment
giddiest,giddiness,enjoyment
giddy,giddiness,enjoyment
giddying,giddiness,enjoyment
giddiness,giddiness,enjoyment
gladdening,gladness,enjoyment
gladden,gladness,enjoyment
gladnesses,gladness,enjoyment
gladly,gladness,enjoyment
gladdest,gladness,enjoyment
glad,gladness,enjoyment
gladder,gladness,enjoyment
gladness,gladness,enjoyment
gleed,glee,enjoyment
gleeful,glee,enjoyment
glees,glee,enjoyment
gleefully,glee,enjoyment
gleefulness,glee,enjoyment
glee,glee,enjoyment
glooming,gloom,sadness
gloomy,gloom,sadness
glooms,gloom,sadness
gloomier,gloom,sadness
gloomed,gloom,sadness
gloomiest,gloom,sadness
gloom,gloom,sadness
glums,glumness,sadness
glumness,glumness,sadness
glum,glumness,sadness
glummer,glumness,sadness
glumly,glumness,sadness
glummest,glumness,sadness
grace,grace,enjoyment
graced,grace,enjoyment
gracing,grace,enjoyment
gratifies,gratification,enjoyment
gratified,gratification,enjoyment
gratify,gratification,enjoyment
gratifications,gratification,enjoyment
gratifying,gratification,enjoyment
gratification,gratification,enjoyment
gratefulness,gratitude,enjoyment
gratefully,gratitude,enjoyment
grateful,gratitude,enjoyment
gratitude,gratitude,enjoyment
griefs,grief,sadness
grieves,grief,sadness
grieve,grief,sadness
grieving,grief,sadness
grieved,grief,sadness
grief,grief,sadness
grouching,grouchiness,anger
grouched,grouchiness,anger
grouch,grouchiness,anger
grouchy,grouchiness,anger
grouches,grouchiness,anger
grouchiness,grouchiness,anger
grounded,groundedness,enjoyment
grounds,groundedness,enjoyment
grounding,groundedness,enjoyment
ground,groundedness,enjoyment
groundedness,groundedness,enjoyment
grumpy,grumpiness,anger
grumpiness's,grumpiness,anger
grumpinesses,grumpiness,anger
grumpiest,grumpiness,anger
grumpier,grumpiness,anger
grumpily,grumpiness,anger
grumpiness,grumpiness,anger
guards,guardedness,fear
guarding,guardedness,fear
guarded,guardedness,fear
guardedly,guardedness,fear
guard,guardedness,fear
guardedness,guardedness,fear
guiltiness,guilt,sadness
guilting,guilt,sadness
guilted,guilt,sadness
guilts,guilt,sadness
guiltier,guilt,sadness
guilty,guilt,sadness
guiltiest,guilt,sadness
guilt,guilt,sadness
gutted,gutted,sadness
gutting,gutted,sadness
hangrily,hangry,anger
hangriness,hangry,anger
hangry,hangry,anger
happily,happiness,enjoyment
happiest,happiness,enjoyment
happier,happiness,enjoyment
happy,happiness,enjoyment
happiness,happiness,enjoyment
hardily,hardiness,enjoyment
hardy,hardiness,enjoyment
hardier,hardiness,enjoyment
hardinesses,hardiness,enjoyment
hardiest,hardiness,enjoyment
hardiness,hardiness,enjoyment
harmoniously,harmoniousness,enjoyment
harmonization,harmoniousness,enjoyment
harmonizes,harmoniousness,enjoyment
harmonize,harmoniousness,enjoyment
harmonizing,harmoniousness,enjoyment
harmonious,harmoniousness,enjoyment
harmonized,harmoniousness,enjoyment
harmoniousness,harmoniousness,enjoyment
hates,hate,anger
hater,hate,anger
hated,hate,anger
hate,hate,anger
hatred,hate,anger
hateful,hate,anger
hating,hate,anger
heartbroken,heartbrokenness,sadness
heartbrokenly,heartbrokenness,sadness
heartbrokenness,heartbrokenness,sadness
homesickest,homesickness,sadness
homesick,homesickness,sadness
homesicknesses,homesickness,sadness
homesickness,homesickness,sadness
hope,hope,enjoyment
hoped,hope,enjoyment
hopeful,hope,enjoyment
hoping,hope,enjoyment
hopefully,hope,enjoyment
hopes,hope,enjoyment
hopelessly,hopelessness,sadness
hopelessnesses,hopelessness,sadness
hopeless,hopelessness,sadness
hopelessness,hopelessness,sadness
hostilely,hostility,anger
hostile,hostility,anger
hostiles,hostility,anger
hostivities,hostility,anger
hostility,hostility,anger
humiliation's,humiliation,sadness
humiliated,humiliation,sadness
humiliating,humiliation,sadness
humiliates,humiliation,sadness
humiliate,humiliation,sadness
humiliations,humiliation,sadness
humiliation,humiliation,sadness
hurting,hurt,sadness
hurts,hurt,sadness
hurtfully,hurt,sadness
hurtfulness,hurt,sadness
hurt,hurt,sadness
hurtful,hurt,sadness
hypes,hyped,enjoyment
hyping,hyped,enjoyment
hyped,hyped,enjoyment
hype,hyped,enjoyment
ill at ease,ill at ease,fear
ill temper,ill tempered,anger
ill tempers,ill tempered,anger
ill-temper,ill tempered,anger
ill-temperedness,ill tempered,anger
ill-temperedly,ill tempered,anger
ill-tempers,ill tempered,anger
ill-tempered,ill tempered,anger
passionately,impassioned,enjoyment
impassions,impassioned,enjoyment
passionate,impassioned,enjoyment
impassionedness,impassioned,enjoyment
impassioning,impassioned,enjoyment
impassion,impassioned,enjoyment
impassionedly,impassioned,enjoyment
passion,impassioned,enjoyment
impassioned,impassioned,enjoyment
impatience's,impatience,anger
impatiently,impatience,anger
impatient,impatience,anger
impatience,impatience,anger
impotently,impotence,sadness
impotent,impotence,sadness
impotents,impotence,sadness
impotency,impotence,sadness
impotence,impotence,sadness
in high spirits,in high spirits,enjoyment
in over my head,in over your head,fear
incense,incensed,anger
incensed,incensed,anger
incensing,incensed,anger
incenses,incensed,anger
inconsolable,inconsolability,sadness
inconsolably,inconsolability,sadness
inconsolability,inconsolability,sadness
indignant,indignation,anger
indignantly,indignation,anger
indignation,indignation,anger
infatuated,infatuation,enjoyment
infatuates,infatuation,enjoyment
infatuating,infatuation,enjoyment
infatuate,infatuation,enjoyment
infatuation's,infatuation,enjoyment
infatuation,infatuation,enjoyment
inflamer,inflamed,anger
inflame,inflamed,anger
inflamed,inflamed,anger
inflames,inflamed,anger
inflaming,inflamed,anger
infuriating,infuriation,anger
infuriate,infuriation,anger
infuriates,infuriation,anger
infuriated,infuriation,anger
insecure,insecurity,fear
insecurities,insecurity,fear
insecureness,insecurity,fear
insecurely,insecurity,fear
insecurity,insecurity,fear
intimidator,intimidation,fear
intimidates,intimidation,fear
intimidating,intimidation,fear
intimidate,intimidation,fear
intimidation's,intimidation,fear
intimidated,intimidation,fear
intimidators,intimidation,fear
intimidation,intimidation,fear
intrigued,intrigue,surprise
intrigues,intrigue,surprise
intrigue,intrigue,surprise
intriguing,intrigue,surprise
irateness,irate,anger
irate,irate,anger
irately,irate,anger
irked,irk,anger
irking,irk,anger
irksome,irk,anger
irks,irk,anger
irk,irk,anger
jars,jarred,surprise
jarred,jarred,surprise
jarring,jarred,surprise
jar,jarred,surprise
jazzed,jazzed,enjoyment
jazz,jazzed,enjoyment
jazzing,jazzed,enjoyment
jazziest,jazzed,enjoyment
jazzes,jazzed,enjoyment
jazzier,jazzed,enjoyment
jealousies,jealousy,anger
jealousness,jealousy,anger
jealously,jealousy,anger
jealous,jealousy,anger
jealousy,jealousy,anger
jittering,jitteriness,fear
jitters,jitteriness,fear
jitter,jitteriness,fear
jittered,jitteriness,fear
jittery,jitteriness,fear
jitteriness,jitteriness,fear
jollinesses,jolliness,enjoyment
jollily,jolliness,enjoyment
jollies,jolliness,enjoyment
jollied,jolliness,enjoyment
jollying,jolliness,enjoyment
jolly,jolliness,enjoyment
jollier,jolliness,enjoyment
jolliest,jolliness,enjoyment
jolliness,jolliness,enjoyment
jolts,jolted,surprise
jolter,jolted,surprise
jolting,jolted,surprise
jolted,jolted,surprise
jolt,jolted,surprise
jovialness,joviality,enjoyment
jovialities,joviality,enjoyment
jovial,joviality,enjoyment
jovially,joviality,enjoyment
joviality,joviality,enjoyment
joys,joy,enjoyment
joyful,joy,enjoyment
joyed,joy,enjoyment
joyfully,joy,enjoyment
joying,joy,enjoyment
joyfulness,joy,enjoyment
joy,joy,enjoyment
jubilated,jubilance,enjoyment
jubilating,jubilance,enjoyment
jubilant,jubilance,enjoyment
jubilation,jubilance,enjoyment
jubilate,jubilance,enjoyment
jubilantly,jubilance,enjoyment
jubilance,jubilance,enjoyment
keennesses,keenness,enjoyment
keener,keenness,enjoyment
keenly,keenness,enjoyment
keen,keenness,enjoyment
keenest,keenness,enjoyment
keenness,keenness,enjoyment
leery,leery,fear
lets down,let down,sadness
letting down,let down,sadness
let down,let down,sadness
lets me down,let down,sadness
letting me down,let down,sadness
let me down,let down,sadness
lets us down,let down,sadness
letting us down,let down,sadness
let us down,let down,sadness
liberators,liberation,enjoyment
liberates,liberation,enjoyment
liberator,liberation,enjoyment
liberated,liberation,enjoyment
liberate,liberation,enjoyment
liberating,liberation,enjoyment
liberation,liberation,enjoyment
lightheartednesses,lightheartedness,enjoyment
lighthearted,lightheartedness,enjoyment
lightheartedly,lightheartedness,enjoyment
lightheartedness,lightheartedness,enjoyment
likable,liking,enjoyment
liked,liking,enjoyment
liking,liking,enjoyment
likes,liking,enjoyment
likability,liking,enjoyment
like,liking,enjoyment
limerent,limerence,enjoyment
limerence,limerence,enjoyment
listless,listlessness,sadness
listlessnesses,listlessness,sadness
listlessly,listlessness,sadness
listlessness,listlessness,sadness
lividly,lividness,anger
livid,lividness,anger
lividness's,lividness,anger
lividnesses,lividness,anger
lividness,lividness,anger
loathing,loathing,disgust
loathed,loathing,disgust
loathe,loathing,disgust
loathes,loathing,disgust
longingly,longing,enjoyment
long,longing,enjoyment
longed,longing,enjoyment
longs,longing,enjoyment
longing,longing,enjoyment
love,love,enjoyment
loved,love,enjoyment
lovable,love,enjoyment
loves,love,enjoyment
lover,love,enjoyment
loving,love,enjoyment
lovingly,love,enjoyment
lowering,low,sadness
lows,low,sadness
lowest,low,sadness
low,low,sadness
lowered,low,sadness
lower,low,sadness
lusting,lust,enjoyment
lustfulness,lust,enjoyment
lust,lust,enjoyment
lusted,lust,enjoyment
lusts,lust,enjoyment
lustfully,lust,enjoyment
lustful,lust,enjoyment
maddens,mad,anger
maddest,mad,anger
madden,mad,anger
mad,mad,anger
madder,mad,anger
madness,mad,anger
maddened,mad,anger
maddening,mad,anger
manically,manic,enjoyment
manic,manic,enjoyment
meanly,meanness,anger
meanest,meanness,anger
mean,meanness,anger
meaner,meanness,anger
means,meanness,anger
meanness,meanness,anger
meek,meekness,fear
meekly,meekness,fear
meekest,meekness,fear
meekness,meekness,fear
melancholies,melancholic,sadness
melancholically,melancholic,sadness
melancholy,melancholic,sadness
melancholic,melancholic,sadness
mellowing,mellowness,enjoyment
mellowed,mellowness,enjoyment
mellownesses,mellowness,enjoyment
mellower,mellowness,enjoyment
mellowest,mellowness,enjoyment
mellows,mellowness,enjoyment
mellowness,mellowness,enjoyment
mellow,mellowness,enjoyment
merrily,merriment,enjoyment
merriment's,merriment,enjoyment
merry,merriment,enjoyment
merrier,merriment,enjoyment
merriments,merriment,enjoyment
merriest,merriment,enjoyment
merriment,merriment,enjoyment
miffs,miffed,anger
miffed,miffed,anger
miff,miffed,anger
miffing,miffed,anger
miserable,misery,sadness
miseries,misery,sadness
miserably,misery,sadness
misery,misery,sadness
misgivings,misgiving,fear
misgive,misgiving,fear
misgivingly,misgiving,fear
misgiving,misgiving,fear
misgives,misgiving,fear
misgave,misgiving,fear
mistrustfully,mistrust,fear
mistrusted,mistrust,fear
mistrust,mistrust,fear
mistrustful,mistrust,fear
mistrusts,mistrust,fear
mistrusting,mistrust,fear
morosely,morose,sadness
morose,morose,sadness
moroseness,morose,sadness
mortifications,mortification,disgust
mortify,mortification,disgust
mortifying,mortification,disgust
mortifies,mortification,disgust
mortified,mortification,disgust
mortification,mortification,disgust
mourning,mournful,sadness
mourned,mournful,sadness
mournfulness,mournful,sadness
mournfully,mournful,sadness
mourns,mournful,sadness
mourn,mournful,sadness
mournful,mournful,sadness
moved,moved,enjoyment
move,moved,enjoyment
movement,moved,enjoyment
moving,moved,enjoyment
moves,moved,enjoyment
nerve,nervousness,fear
nerves,nervousness,fear
nervosity,nervousness,fear
nervousnesses,nervousness,fear
nervously,nervousness,fear
nervous,nervousness,fear
nerving,nervousness,fear
nervousness,nervousness,fear
nettle,nettled,anger
nettles,nettled,anger
nettled,nettled,anger
nettling,nettled,anger
nettlesome,nettled,anger
nonplussing,nonplussed,enjoyment
nonplussed,nonplussed,enjoyment
nostalgias,nostalgia,enjoyment
nostalgicness,nostalgia,enjoyment
nostalgic,nostalgia,enjoyment
nostalgically,nostalgia,enjoyment
nostalgia,nostalgia,enjoyment
obsess,obsession,enjoyment
obsessed,obsession,enjoyment
obsessiveness,obsession,enjoyment
obsessively,obsession,enjoyment
obsesses,obsession,enjoyment
obsessing,obsession,enjoyment
obsessive,obsession,enjoyment
obsession,obsession,enjoyment
ostracism,ostracization,sadness
ostracized,ostracization,sadness
ostracizing,ostracization,sadness
ostracizes,ostracization,sadness
ostracize,ostracization,sadness
outrages,outrage,anger
outraged,outrage,anger
outrage,outrage,anger
outraging,outrage,anger
outrageously,outrage,anger
overwhelming,overwhelm,fear
overwhelm,overwhelm,fear
overwhelmed,overwhelm,fear
overwhelms,overwhelm,fear
paining,pained,sadness
painful,pained,sadness
painfully,pained,sadness
pain,pained,sadness
pained,pained,sadness
pains,pained,sadness
panickers,panic,fear
panicking,panic,fear
panics,panic,fear
panicker,panic,fear
panic,panic,fear
panicked,panic,fear
paranoiac,paranoia,fear
paranoidly,paranoia,fear
paranoias,paranoia,fear
paranoid,paranoia,fear
paranoia's,paranoia,fear
paranoiacal,paranoia,fear
paranoia,paranoia,fear
patients,patience,enjoyment
patiently,patience,enjoyment
patient,patience,enjoyment
patience's,patience,enjoyment
patience,patience,enjoyment
peeves,peeved,anger
peeved,peeved,anger
peeving,peeved,anger
peeve,peeved,anger
penitently,penitence,sadness
penitential,penitence,sadness
penitents,penitence,sadness
penitent,penitence,sadness
penitence,penitence,sadness
pensivenesses,pensiveness,sadness
pensively,pensiveness,sadness
pensive,pensiveness,sadness
pensiveness,pensiveness,sadness
pepped,pep,enjoyment
peppy,pep,enjoyment
pepping,pep,enjoyment
pep,pep,enjoyment
perturbative,perturbation,fear
perturb,perturbation,fear
perturbingly,perturbation,fear
perturbing,perturbation,fear
perturbed,perturbation,fear
perturbs,perturbation,fear
perturbation,perturbation,fear
pessimistically,pessimism,sadness
pessimistic,pessimism,sadness
pessimist,pessimism,sadness
pessimism,pessimism,sadness
pessimists,pessimism,sadness
pessimism's,pessimism,sadness
petrifies,petrification,fear
petrify,petrification,fear
petrifying,petrification,fear
petrifyingly,petrification,fear
petrified,petrification,fear
petrification,petrification,fear
petulances,petulance,anger
petulant,petulance,anger
petulance's,petulance,anger
petulantly,petulance,anger
petulance,petulance,anger
phobics,phobic,fear
phobic,phobic,fear
phobically,phobic,fear
phobias,phobic,fear
phobia,phobic,fear
pined,pining,sadness
pine,pining,sadness
pining,pining,sadness
pines,pining,sadness
pique,pique,anger
piquing,pique,anger
piques,pique,anger
piqued,pique,anger
pissy,pissed,anger
pissed,pissed,anger
pisses,pissed,anger
pissed off,pissed,anger
pissing,pissed,anger
piss,pissed,anger
playful,playfulness,enjoyment
playfully,playfulness,enjoyment
playfulness,playfulness,enjoyment
powerless,powerlessness,sadness
powerlessly,powerlessness,sadness
powerlessness,powerlessness,sadness
preoccupied,preoccupation,fear
preoccupies,preoccupation,fear
preoccupy,preoccupation,fear
preoccupying,preoccupation,fear
preoccupations,preoccupation,fear
preoccupation,preoccupation,fear
presses,pressed,fear
press,pressed,fear
pressing,pressed,fear
pressingly,pressed,fear
pressed,pressed,fear
proudly,pride,enjoyment
prided,pride,enjoyment
proudest,pride,enjoyment
proud,pride,enjoyment
pridefully,pride,enjoyment
prideful,pride,enjoyment
prides,pride,enjoyment
priding,pride,enjoyment
prouder,pride,enjoyment
pride,pride,enjoyment
proficiently,proficiency,enjoyment
proficient,proficiency,enjoyment
proficiencies,proficiency,enjoyment
proficients,proficiency,enjoyment
proficiency,proficiency,enjoyment
psych,psyched,enjoyment
psychs,psyched,enjoyment
psyched,psyched,enjoyment
psyching,psyched,enjoyment
pump,pumped,enjoyment
pumps,pumped,enjoyment
pumping,pumped,enjoyment
pumped,pumped,enjoyment
quarrels,quarrelsomeness,anger
quarrelling,quarrelsomeness,anger
quarrel,quarrelsomeness,anger
quarrelled,quarrelsomeness,anger
quarrelers,quarrelsomeness,anger
quarrelsomely,quarrelsomeness,anger
quarrelsome,quarrelsomeness,anger
quarrelsomeness,quarrelsomeness,anger
rankling,rankle,anger
rankles,rankle,anger
rankled,rankle,anger
rankle,rankle,anger
rattle,rattled,surprise
rattled,rattled,surprise
rattles,rattled,surprise
rattling,rattled,surprise
ready,ready to explode,anger
to,ready to explode,anger
explode,ready to explode,anger
recoils,recoiling,fear
recoiling,recoiling,fear
recoil,recoiling,fear
recoiled,recoiling,fear
reeling,reeling,surprise
reels,reeling,surprise
reeled,reeling,surprise
reel,reeling,surprise
reelers,reeling,surprise
regret,regret,sadness
regretful,regret,sadness
regretted,regret,sadness
regrettable,regret,sadness
regrettably,regret,sadness
regretfully,regret,sadness
regrets,regret,sadness
regretting,regret,sadness
relaxed,relaxation,enjoyment
relaxations,relaxation,enjoyment
relax,relaxation,enjoyment
relaxing,relaxation,enjoyment
relaxedly,relaxation,enjoyment
relaxingly,relaxation,enjoyment
relaxes,relaxation,enjoyment
relaxation,relaxation,enjoyment
relieved,relief,enjoyment
reliefs,relief,enjoyment
relieving,relief,enjoyment
relieves,relief,enjoyment
relieve,relief,enjoyment
relief,relief,enjoyment
relishes,relish,enjoyment
relishable,relish,enjoyment
relish,relish,enjoyment
relishing,relish,enjoyment
relished,relish,enjoyment
reluctant,reluctance,fear
reluctantly,reluctance,fear
reluctance,reluctance,fear
remorsefully,remorse,sadness
remorseful,remorse,sadness
remorse,remorse,sadness
repulsion,repelled,disgust
repulsive,repelled,disgust
repulse,repelled,disgust
repelling,repelled,disgust
repelled,repelled,disgust
repulsed,repelled,disgust
repulsing,repelled,disgust
repel,repelled,disgust
repels,repelled,disgust
repulses,repelled,disgust
repents,repentance,sadness
repentantly,repentance,sadness
repented,repentance,sadness
repentant,repentance,sadness
repent,repentance,sadness
repenting,repentance,sadness
repentance,repentance,sadness
reproaching,reproach,anger
reproachful,reproach,anger
reproached,reproach,anger
reproaches,reproach,anger
reproachfulness,reproach,anger
reproach,reproach,anger
reproachfully,reproach,anger
resented,resentful,anger
resents,resentful,anger
resentment,resentful,anger
resentfulness,resentful,anger
resenting,resentful,anger
resentfully,resentful,anger
resent,resentful,anger
resentful,resentful,anger
reservations,reservation,fear
reserve,reservation,fear
reserved,reservation,fear
reservation,reservation,fear
resigns,resignation,sadness
resigned,resignation,sadness
resigning,resignation,sadness
resign,resignation,sadness
resignation,resignation,sadness
restrainer,restraint,fear
restraining,restraint,fear
restrains,restraint,fear
restrainedly,restraint,fear
restrained,restraint,fear
restrain,restraint,fear
restraint,restraint,fear
vengefully,revengeful,anger
revenge,revengeful,anger
avenges,revengeful,anger
revengefully,revengeful,anger
avenged,revengeful,anger
revengefulness,revengeful,anger
revenged,revengeful,anger
avenging,revengeful,anger
vengeful,revengeful,anger
avenge,revengeful,anger
revenging,revengeful,anger
revenges,revengeful,anger
revengeful,revengeful,anger
reverencing,reverence,enjoyment
reverenced,reverence,enjoyment
reverent,reverence,enjoyment
reveres,reverence,enjoyment
reverently,reverence,enjoyment
reverence,reverence,enjoyment
revulses,revulsion,disgust
revulsed,revulsion,disgust
revulse,revulsion,disgust
revulsing,revulsion,disgust
revulsion,revulsion,disgust
righteousnesses,righteousness,anger
righteously,righteousness,anger
righteous,righteousness,anger
righteousness,righteousness,anger
riled,riled,anger
riles,riled,anger
riling,riled,anger
rile,riled,anger
rocking,rocked,surprise
rocks,rocked,surprise
rocked,rocked,surprise
rock,rocked,surprise
ruing,rue,sadness
rued,rue,sadness
rues,rue,sadness
rueful,rue,sadness
ruefully,rue,sadness
rue,rue,sadness
ruthlessness,ruthless,anger
ruthless,ruthless,anger
ruthlessly,ruthless,anger
sadden,sadness,sadness
sadly,sadness,sadness
saddens,sadness,sadness
saddest,sadness,sadness
saddening,sadness,sadness
sadder,sadness,sadness
sad,sadness,sadness
saddened,sadness,sadness
sadness,sadness,sadness
salty,salty,anger
saltiest,salty,anger
saltier,salty,anger
sanguines,sanguine,enjoyment
sanguine,sanguine,enjoyment
sanguinest,sanguine,enjoyment
sanguinely,sanguine,enjoyment
sanguineness,sanguine,enjoyment
sappy,sappiness,enjoyment
saps,sappiness,enjoyment
sapping,sappiness,enjoyment
sapped,sappiness,enjoyment
sap,sappiness,enjoyment
sapper,sappiness,enjoyment
sappiness,sappiness,enjoyment
schadenfreude,schadenfreude,enjoyment
scorned,scorn,disgust
scornfully,scorn,disgust
scornful,scorn,disgust
scornfulness,scorn,disgust
scorning,scorn,disgust
scorns,scorn,disgust
scorn,scorn,disgust
securer,security,enjoyment
secures,security,enjoyment
secured,security,enjoyment
securest,security,enjoyment
securely,security,enjoyment
securing,security,enjoyment
secure,security,enjoyment
security,security,enjoyment
seethingly,seethe,anger
seethes,seethe,anger
seethed,seethe,anger
seething,seethe,anger
seethe,seethe,anger
self-castigating,self-castigation,sadness
self-castigation's,self-castigation,sadness
self-castigation,self-castigation,sadness
self-condemned,self-condemnation,sadness
self-condemn,self-condemnation,sadness
self-condemns,self-condemnation,sadness
self-condemning,self-condemnation,sadness
self-condemnation,self-condemnation,sadness
self-consciousness's,self-consciousness,fear
self-consciously,self-consciousness,fear
self-consciousnesses,self-consciousness,fear
self-conscious,self-consciousness,fear
self-consciousness,self-consciousness,fear
self-flagellated,self-flagellation,sadness
self-flagellation's,self-flagellation,sadness
self-flagellating,self-flagellation,sadness
self-flagellate,self-flagellation,sadness
self-flagellation,self-flagellation,sadness
self-hating,self-hatred,sadness
self-hatreds,self-hatred,sadness
self-hate,self-hatred,sadness
self-hatred,self-hatred,sadness
self-loathing,self-loathing,sadness
self-loathers,self-loathing,sadness
sentimental,sentimental,enjoyment
sentimentalist,sentimental,enjoyment
sentimentally,sentimental,enjoyment
sentimentalists,sentimental,enjoyment
sentimentalism,sentimental,enjoyment
sentimentality,sentimental,enjoyment
serene,sereneness,enjoyment
serenely,sereneness,enjoyment
serenest,sereneness,enjoyment
serener,sereneness,enjoyment
sereneness,sereneness,enjoyment
shook,shaken,surprise
shaken,shaken,surprise
shaking,shaken,surprise
shake,shaken,surprise
shakes,shaken,surprise
shatter,shattered,sadness
shatterers,shattered,sadness
shattering,shattered,sadness
shatters,shattered,sadness
shatterer,shattered,sadness
shattered,shattered,sadness
sheepish,sheepishness,sadness
sheepishnesses,sheepishness,sadness
sheepishly,sheepishness,sadness
sheepishness,sheepishness,sadness
shocker,shock,surprise
shocking,shock,surprise
shocks,shock,surprise
shock,shock,surprise
shockingly,shock,surprise
shocked,shock,surprise
short-temperedly,short-tempered,anger
short-tempered,short-tempered,anger
short-temperedness,short-tempered,anger
shyest,shyness,fear
shy,shyness,fear
shyer,shyness,fear
shies,shyness,fear
shying,shyness,fear
shied,shyness,fear
shyness,shyness,fear
skepticism's,skepticism,disgust
skeptics,skepticism,disgust
skeptically,skepticism,disgust
skeptic,skepticism,disgust
skeptics',skepticism,disgust
skeptical,skepticism,disgust
skepticism,skepticism,disgust
skittishness's,skittishness,fear
skittishly,skittishness,fear
skittish,skittishness,fear
skittishnesses,skittishness,fear
skittishnesses',skittishness,fear
skittishness,skittishness,fear
smugly,smugness,enjoyment
smug,smugness,enjoyment
smugger,smugness,enjoyment
smuggest,smugness,enjoyment
smugnesses,smugness,enjoyment
smuggery,smugness,enjoyment
smugness,smugness,enjoyment
solaced,solace,enjoyment
solaces,solace,enjoyment
solacing,solace,enjoyment
solace,solace,enjoyment
somber,somber,sadness
somberness,somber,sadness
somberest,somber,sadness
somberly,somber,sadness
somberer,somber,sadness
sorest,soreness,sadness
sore,soreness,sadness
sorer,soreness,sadness
sorely,soreness,sadness
sorenesses,soreness,sadness
soreness,soreness,sadness
sorrowfully,sorrow,sadness
sorrowed,sorrow,sadness
sorrowful,sorrow,sadness
sorrow,sorrow,sadness
sorrows,sorrow,sadness
sorrowing,sorrow,sadness
sorry,sorry,sadness
sorriest,sorry,sadness
sorrier,sorry,sadness
souring,sourness,disgust
sourest,sourness,disgust
sourer,sourness,disgust
soured,sourness,disgust
sour,sourness,disgust
sournesses,sourness,disgust
sourly,sourness,disgust
sourness,sourness,disgust
spellbound,spellbound,surprise
spellbinding,spellbound,surprise
spite,spite,anger
spiteful,spite,anger
spitefulness,spite,anger
spites,spite,anger
spited,spite,anger
spitefully,spite,anger
spiting,spite,anger
spooking,spooked,fear
spooks,spooked,fear
spookily,spooked,fear
spooked,spooked,fear
spook,spooked,fear
spookiness,spooked,fear
stagger,staggered,surprise
staggered,staggered,surprise
staggers,staggered,surprise
staggering,staggered,surprise
startles,startled,surprise
startle's,startled,surprise
startled,startled,surprise
startle,startled,surprise
startling,startled,surprise
steaming,steamed,anger
steams,steamed,anger
steamed,steamed,anger
steam,steamed,anger
stirred,stirred,enjoyment
stir,stirred,enjoyment
stirringly,stirred,enjoyment
stirs,stirred,enjoyment
stirring,stirred,enjoyment
stirrer,stirred,enjoyment
stoker,stoked,enjoyment
stoked,stoked,enjoyment
stoking,stoked,enjoyment
stokes,stoked,enjoyment
stoke,stoked,enjoyment
stubbornly,stubbornness,anger
stubbornnesses,stubbornness,anger
stubborn,stubbornness,anger
stubbornness,stubbornness,anger
stunningly,stunned,surprise
stunning,stunned,surprise
stunned,stunned,surprise
stuns,stunned,surprise
stun,stunned,surprise
stupefies,stupefied,surprise
stupefaction,stupefied,surprise
stupefy,stupefied,surprise
stupefying,stupefied,surprise
stupefied,stupefied,surprise
subdues,subdued,sadness
subduing,subdued,sadness
subdued,subdued,sadness
subdue,subdued,sadness
suffering,suffering,sadness
suffered,suffering,sadness
sufferings,suffering,sadness
suffer,suffering,sadness
suffers,suffering,sadness
sufferer,suffering,sadness
sulky,sulkiness,sadness
sulk,sulkiness,sadness
sulking,sulkiness,sadness
sulked,sulkiness,sadness
sulkiness,sulkiness,sadness
sullen,sullenness,sadness
sullenly,sullenness,sadness
sullenness,sullenness,sadness
surprising,surprise,surprise
surprised,surprise,surprise
surprise,surprise,surprise
surprisingly,surprise,surprise
surprises,surprise,surprise
suspending,suspense,fear
suspensefulness,suspense,fear
suspends,suspense,fear
suspenseful,suspense,fear
suspensefully,suspense,fear
suspense,suspense,fear
suspiciously,suspiciousness,fear
suspicious,suspiciousness,fear
suspicions,suspiciousness,fear
suspecting,suspiciousness,fear
suspiciousness,suspiciousness,fear
suspect,suspiciousness,fear
suspicion,suspiciousness,fear
suspects,suspiciousness,fear
suspected,suspiciousness,fear
tender,tenderness,enjoyment
tenderest,tenderness,enjoyment
tenderly,tenderness,enjoyment
tendering,tenderness,enjoyment
tenderer,tenderness,enjoyment
tenderness,tenderness,enjoyment
territoriality,territoriality,anger
territorializes,territoriality,anger
territorialities,territoriality,anger
territorial,territoriality,anger
territorializing,territoriality,anger
territorialize,territoriality,anger
territorialized,territoriality,anger
testiest,testiness,anger
testier,testiness,anger
testy,testiness,anger
testinesses,testiness,anger
testily,testiness,anger
testiness,testiness,anger
thank,thankfulness,enjoyment
thankfulnesses,thankfulness,enjoyment
thanking,thankfulness,enjoyment
thanked,thankfulness,enjoyment
thankful,thankfulness,enjoyment
thanks,thankfulness,enjoyment
thankfulness,thankfulness,enjoyment
threatens,threat,fear
threaten,threat,fear
threats,threat,fear
threatened,threat,fear
threat,threat,fear
threatening,threat,fear
thrill,thrilled,enjoyment
thrilling,thrilled,enjoyment
thrills,thrilled,enjoyment
thrilled,thrilled,enjoyment
thunderstruck,thunderstruck,surprise
tickle,tickled,enjoyment
tickles,tickled,enjoyment
tickling,tickled,enjoyment
tickled,tickled,enjoyment
timidly,timidness,fear
timidity,timidness,fear
timidest,timidness,fear
timider,timidness,fear
timid,timidness,fear
timidness,timidness,fear
titillating,titillation,enjoyment
titillation's,titillation,enjoyment
titillated,titillation,enjoyment
titillate,titillation,enjoyment
titillates,titillation,enjoyment
titillation,titillation,enjoyment
touched,touched,enjoyment
touching,touched,enjoyment
touchingly,touched,enjoyment
touches,touched,enjoyment
touch,touched,enjoyment
touchiest,touchiness,anger
touchinesses,touchiness,anger
touchier,touchiness,anger
touchily,touchiness,anger
touchy,touchiness,anger
touchiness,touchiness,anger
tranquil,tranquility,enjoyment
tranquilize,tranquility,enjoyment
tranquilized,tranquility,enjoyment
tranquilizes,tranquility,enjoyment
tranquilizer,tranquility,enjoyment
tranquilizing,tranquility,enjoyment
tranquility,tranquility,enjoyment
trepidatiously,trepidation,fear
trepidatious,trepidation,fear
trepidation,trepidation,fear
triumphed,triumphant,enjoyment
triumph,triumphant,enjoyment
triumphantly,triumphant,enjoyment
triumphant,triumphant,enjoyment
triumphing,triumphant,enjoyment
triumphs,triumphant,enjoyment
truculently,truculence,anger
truculency,truculence,anger
truculent,truculence,anger
truculence,truculence,anger
unhappinesses,unhappiness,sadness
unhappily,unhappiness,sadness
unhappier,unhappiness,sadness
unhappy,unhappiness,sadness
unhappiest,unhappiness,sadness
unhappiness,unhappiness,sadness
unruffling,unruffled,enjoyment
unruffled,unruffled,enjoyment
unruffles,unruffled,enjoyment
unruffledness,unruffled,enjoyment
unsettles,unsettled,fear
unsettle,unsettled,fear
unsettledness,unsettled,fear
unsettling,unsettled,fear
unsettled,unsettled,fear
unworthier,unworthiness,sadness
unworthinesses,unworthiness,sadness
unworthiness,unworthiness,sadness
unworthiest,unworthiness,sadness
unworthily,unworthiness,sadness
unworthy,unworthiness,sadness
upbeat,upbeat,enjoyment
upbeats,upbeat,enjoyment
uptight,uptight,fear
uptightness,uptight,fear
viciousness,viciousness,anger
viciously,viciousness,anger
viciousnesses,viciousness,anger
vicious,viciousness,anger
vindictive,vindictiveness,anger
vindictively,vindictiveness,anger
vindictiveness,vindictiveness,anger
wants,want,enjoyment
want,want,enjoyment
wanted,want,enjoyment
wanting,want,enjoyment
warier,wariness,fear
warinesses,wariness,fear
warily,wariness,fear
wariest,wariness,fear
wary,wariness,fear
wariness,wariness,fear
warm-hearted,warm-heartedness,enjoyment
warm-heartedly,warm-heartedness,enjoyment
warm-heartedness,warm-heartedness,enjoyment
warming,warmth,enjoyment
warmly,warmth,enjoyment
warmer,warmth,enjoyment
warmest,warmth,enjoyment
warmed,warmth,enjoyment
warm,warmth,enjoyment
warms,warmth,enjoyment
warmness,warmth,enjoyment
warmth,warmth,enjoyment
watchful,watchfulness,fear
watchfully,watchfulness,fear
watchfulness,watchfulness,fear
wearying,weariness,sadness
weary,weariness,sadness
wearier,weariness,sadness
wearied,weariness,sadness
wearinesses,weariness,sadness
weariness,weariness,sadness
wistfulness,wistful,sadness
wistfully,wistful,sadness
wistful,wistful,sadness
woefully,woe,sadness
woeful,woe,sadness
woes,woe,sadness
woe,woe,sadness
wonder,wonderment,surprise
wondered,wonderment,surprise
wonderfully,wonderment,surprise
wondering,wonderment,surprise
wonderful,wonderment,surprise
wonders,wonderment,surprise
wonderment,wonderment,surprise
world-wearied,world-weariness,sadness
world-weariness,world-weariness,sadness
world-wearinesses,world-weariness,sadness
worryingly,worry,fear
worrywart,worry,fear
worrying,worry,fear
worries,worry,fear
worried,worry,fear
worry,worry,fear
worthlessnesses,worthlessness,sadness
worthless,worthlessness,sadness
worthlessly,worthlessness,sadness
worthlessness,worthlessness,sadness
wound up,wound up,anger
wrathful,wrath,anger
wrathfully,wrath,anger
wrathfulness,wrath,anger
wrath,wrath,anger
wretchedly,wretchedness,sadness
wretched,wretchedness,sadness
wretchednesses,wretchedness,sadness
wretchedness,wretchedness,sadness
yearns,yearning,enjoyment
yearned,yearning,enjoyment
yearnings,yearning,enjoyment
yearn,yearning,enjoyment
yearningly,yearning,enjoyment
yearning,yearning,enjoyment
zealotry,zeal,enjoyment
zealot,zeal,enjoyment
zeal,zeal,enjoyment
zealots,zeal,enjoyment
zealousness,zeal,enjoyment
zealously,zeal,enjoyment
zealous,zeal,enjoyment
zest,zest,enjoyment
zestfulness,zest,enjoyment
zestfully,zest,enjoyment
zestiest,zest,enjoyment
zestier,zest,enjoyment
zests,zest,enjoyment
zestful,zest,enjoyment
zippiness,zippiness,enjoyment
zippiest,zippiness,enjoyment
zippier,zippiness,enjoyment
zippy,zippiness,enjoyment
fear,fear,fear
fears,fear,fear
feared,fear,fear
fearing,fear,fear
fearful,fear,fear
fearfully,fear,fear
fearsome,fear,fear
isolate,isolation,sadness
isolates,isolation,sadness
isolated,isolation,sadness
isolating,isolation,sadness
isolation,isolation,sadness
scare,scared,fear
scares,scared,fear
scared,scared,fear
scaring,scared,fear
scary,scared,fear
helpless,helplessness,sadness
helplessly,helplessness,sadness
helplessness,helplessness,sadness
hesitate,hesitation,fear
hesitates,hesitation,fear
hesitated,hesitation,fear
hesitating,hesitation,fear
hesitantly,hesitation,fear
hesitant,hesitation,fear
hesitancy,hesitation,fear
hesitation,hesitation,fear
terrify,terrified,fear
terrifies,terrified,fear
terrified,terrified,fear
terrifying,terrified,fear
terror,terrified,fear
betrayed,betrayed,sadness
betray,betrayed,sadness
betrays,betrayed,sadness
betraying,betrayed,sadness
horrify,horrified,disgust
horrifies,horrified,disgust
horrified,horrified,disgust
horrifying,horrified,disgust
horror,horrified,disgust
horrific,horrified,disgust
lonely,loneliness,sadness
lonelier,loneliness,sadness
loneliest,loneliness,sadness
lonelily,loneliness,sadness
lonelinesses,loneliness,sadness
loneliness,loneliness,sadness
angst,angst,fear
angsts,angst,fear
angsting,angst,fear
angsted,angst,fear
defeated,defeated,sadness
defeating,defeated,sadness
irritate,irritated,anger
irritates,irritated,anger
irritated,irritated,anger
irritating,irritated,anger
irritation,irritated,anger
irritable,irritated,anger
irritably,irritated,anger
frustration,frustration,anger
frustrating,frustration,anger
frustrate,frustration,anger
frustrates,frustration,anger
frustrated,frustration,anger
frustratingly,frustration,anger
